"","x"
"1","PD"
"2","CD"
"3","CD"
"4","CD"
"5","SD"
"6","CD"
"7","CD"
"8","SD"
"9","CD"
"10","CD"
"11","CD"
"12","CD"
"13","CD"
"14","CD"
"15","CD"
"16","CD"
"17","CD"
"18","SD"
"19","CD"
"20","CD"
"21","CD"
"22","CD"
"23","CD"
"24","CD"
"25","SD"
"26","CD"
"27","CD"
"28","SD"
"29","CD"
"30","CD"
"31","CD"
"32","SD"
"33","SD"
"34","CD"
"35","CD"
"36","PD"
"37","CD"
"38","CD"
"39","CD"
"40","CD"
"41","CD"
"42","CD"
"43","PD"
"44","CD"
"45","PD"
"46","CD"
"47","SD"
"48","CD"
"49","CD"
"50","CD"
"51","CD"
"52","CD"
"53","CD"
"54","CD"
"55","SD"
"56","PD"
"57","CD"
"58","SD"
"59","CD"
"60","CD"
"61","CD"
"62","CD"
"63","SD"
"64","CD"
"65","CD"
"66","PD"
"67","PD"
"68","CD"
"69","CD"
"70","SD"
"71","CD"
"72","CD"
"73","SD"
"74","CD"
"75","CD"
"76","CD"
"77","CD"
"78","CD"
"79","PD"
"80","CD"
"81","PD"
"82","CD"
"83","CD"
"84","PD"
"85","PD"
"86","CD"
"87","CD"
"88","CD"
"89","CD"
"90","CD"
"91","CD"
"92","CD"
"93","CD"
"94","SD"
"95","CD"
"96","CD"
"97","CD"
"98","PD"
"99","CD"
"100","CD"
"101","CD"
"102","CD"
"103","CD"
"104","CD"
"105","CD"
"106","PD"
"107","CD"
"108","CD"
"109","CD"
"110","CD"
"111","CD"
"112","SD"
"113","CD"
"114","CD"
"115","CD"
"116","PD"
"117","CD"
"118","CD"
"119","PD"
"120","SD"
"121","CD"
"122","CD"
"123","CD"
"124","CD"
"125","SD"
"126","SD"
"127","SD"
"128","CD"
"129","CD"
"130","SD"
"131","CD"
"132","CD"
"133","CD"
"134","CD"
"135","CD"
"136","CD"
"137","CD"
"138","SD"
"139","SD"
"140","PD"
"141","PD"
"142","SD"
"143","CD"
"144","CD"
"145","PD"
"146","PD"
"147","CD"
"148","CD"
"149","CD"
"150","SD"
"151","PD"
"152","CD"
"153","CD"
"154","CD"
"155","CD"
"156","CD"
"157","CD"
"158","CD"
"159","CD"
"160","SD"
"161","CD"
"162","CD"
"163","CD"
"164","CD"
"165","CD"
"166","CD"
"167","CD"
"168","SD"
"169","CD"
"170","CD"
"171","CD"
"172","SD"
"173","CD"
"174","CD"
"175","CD"
"176","CD"
"177","CD"
"178","CD"
"179","CD"
"180","CD"
"181","CD"
"182","CD"
"183","CD"
"184","CD"
"185","CD"
"186","CD"
"187","CD"
"188","CD"
"189","CD"
"190","CD"
"191","CD"
"192","PD"
"193","CD"
"194","CD"
"195","SD"
"196","CD"
"197","CD"
"198","CD"
"199","CD"
"200","CD"
"201","CD"
"202","CD"
"203","CD"
"204","PD"
"205","SD"
"206","CD"
"207","CD"
"208","CD"
"209","CD"
"210","CD"
"211","CD"
"212","SD"
"213","PD"
"214","CD"
"215","PD"
"216","PD"
"217","CD"
"218","PD"
"219","CD"
"220","SD"
"221","PD"
"222","CD"
"223","CD"
"224","CD"
"225","CD"
"226","CD"
"227","CD"
"228","CD"
"229","CD"
"230","CD"
"231","CD"
"232","CD"
"233","SD"
"234","CD"
"235","PD"
"236","CD"
"237","CD"
"238","CD"
"239","CD"
"240","CD"
"241","CD"
"242","CD"
"243","CD"
"244","SD"
"245","CD"
"246","CD"
"247","CD"
"248","SD"
"249","CD"
"250","CD"
"251","CD"
"252","CD"
"253","CD"
"254","CD"
"255","CD"
"256","CD"
"257","CD"
"258","CD"
"259","SD"
"260","CD"
"261","CD"
"262","CD"
"263","SD"
"264","CD"
"265","CD"
"266","SD"
"267","CD"
"268","PD"
"269","CD"
"270","PD"
"271","CD"
"272","CD"
"273","CD"
"274","SD"
"275","CD"
"276","CD"
"277","CD"
"278","CD"
"279","SD"
"280","PD"
"281","CD"
"282","CD"
"283","CD"
"284","CD"
"285","CD"
"286","CD"
"287","CD"
"288","CD"
"289","PD"
"290","CD"
"291","CD"
"292","SD"
"293","CD"
"294","SD"
"295","CD"
"296","CD"
"297","CD"
"298","SD"
"299","CD"
"300","CD"
"301","CD"
"302","CD"
"303","PD"
"304","CD"
"305","CD"
"306","CD"
"307","CD"
"308","CD"
"309","CD"
"310","CD"
"311","PD"
"312","CD"
"313","CD"
"314","CD"
"315","CD"
"316","CD"
"317","CD"
"318","CD"
"319","CD"
"320","CD"
"321","CD"
"322","CD"
"323","PD"
"324","CD"
"325","CD"
"326","CD"
"327","PD"
"328","CD"
"329","CD"
"330","SD"
"331","CD"
"332","SD"
"333","CD"
"334","CD"
"335","CD"
"336","CD"
"337","CD"
"338","CD"
"339","CD"
"340","CD"
"341","SD"
"342","CD"
"343","CD"
"344","SD"
"345","CD"
"346","CD"
"347","CD"
"348","SD"
"349","PD"
"350","CD"
"351","SD"
"352","CD"
"353","CD"
"354","CD"
"355","CD"
"356","PD"
"357","CD"
"358","CD"
"359","CD"
"360","CD"
"361","CD"
"362","CD"
"363","SD"
"364","SD"
"365","PD"
"366","CD"
"367","CD"
"368","CD"
"369","SD"
"370","PD"
"371","SD"
"372","CD"
"373","CD"
"374","CD"
"375","CD"
"376","CD"
"377","CD"
"378","CD"
"379","CD"
"380","CD"
"381","CD"
"382","SD"
"383","PD"
"384","CD"
"385","CD"
"386","SD"
"387","SD"
"388","CD"
"389","CD"
"390","CD"
"391","CD"
"392","CD"
"393","SD"
"394","CD"
"395","CD"
"396","CD"
"397","CD"
"398","CD"
"399","PD"
"400","CD"
"401","PD"
"402","CD"
"403","CD"
"404","CD"
"405","CD"
"406","PD"
"407","SD"
"408","CD"
"409","CD"
"410","SD"
"411","CD"
"412","CD"
"413","SD"
"414","CD"
"415","CD"
"416","PD"
"417","CD"
"418","CD"
"419","CD"
"420","CD"
"421","PD"
"422","CD"
"423","CD"
"424","CD"
"425","SD"
"426","PD"
"427","CD"
"428","PD"
"429","SD"
"430","SD"
"431","CD"
"432","CD"
"433","CD"
"434","SD"
"435","CD"
"436","PD"
"437","CD"
"438","CD"
"439","CD"
"440","CD"
"441","PD"
"442","SD"
"443","CD"
"444","PD"
"445","CD"
"446","CD"
"447","CD"
"448","CD"
"449","CD"
"450","CD"
"451","CD"
"452","CD"
"453","CD"
"454","CD"
"455","CD"
"456","SD"
"457","CD"
"458","CD"
"459","CD"
"460","CD"
"461","CD"
"462","CD"
"463","CD"
"464","CD"
"465","CD"
"466","CD"
"467","CD"
"468","CD"
"469","CD"
"470","CD"
"471","CD"
"472","PD"
"473","CD"
"474","CD"
"475","CD"
"476","CD"
"477","PD"
"478","CD"
"479","CD"
"480","SD"
"481","CD"
"482","CD"
"483","CD"
"484","CD"
"485","CD"
"486","CD"
"487","CD"
"488","PD"
"489","SD"
"490","PD"
"491","CD"
"492","CD"
"493","PD"
"494","CD"
"495","CD"
"496","CD"
"497","CD"
"498","SD"
"499","CD"
"500","CD"
